{
    "Jangan": "Truong An",
    "Grassland": "Thao Nguyen",
    "Lake Forest": "Tri Lam",
    "Chinese Tomb": "Nghia dia Dai Duong",
    "Hill of Ye Mt.": "Doi Co Lau",
    "Enterance of Qin-Shi Tomb": "Loi vao dau tien Lang mo Tan Thuy Hoang",
    "Swamp area": "Vung Dam Lay",
    "Chinese tomb": "Nghia dia Dai Duong",
    "Yeoha's Forest": "Khu rung moc yeu",
    "North-Tiger Mt.": "Bac Ho Huyet Son",
    "South-Tiger Mt.": "Nam Ho Huyet Son",
    "Bandit's Mountain Stronghold": "Son Tac Trai",
    "Jangan Ferry": "Ben Truong An",
    "Western China Ferry": "Ben Tay Vuc",
    "Western China Main Road": "Duong chinh Tay Vuc",
    "Western China Northern Road": "Duong Bac Tay Vuc",
    "Western China Ruins": "Dat Hung No",
    "Entrance-Western China Donwhang": "Loi vao Don Hoang",
    "Western China Donwhang": "Don Hoang",
    "Earth Ghost Canyon": "Thung lung Tho quy",
    "Okmungwan Field": "Bai Ngoc Mon",
    "Gobi Desert": "Sa mac Gobi",
    "Okmun field": "Bai Ngoc Mon",
    "Waste Land": "Hoang Mac",
    "Highland Oasis": "oc Dao Cao Nguyen",
    "Tarim basin Highland": "Cao nguyen Thap Ly",
    "North-Tarim basin": "Bac Thap Ly Moc",
    "Ravine of Death": "Hem Tu Than",
    "Central-Tarim basin": "Trung Tam Thap Ly",
    "East-Tarim basin": "Dong Thap Ly Moc",
    "South-Tarim basin": "Nam Thap Ly Moc",
    "Black Robber Den": "Hac Mac Trai",
    "Tarim Ferry": "Ben Thap Ly Moc",
    "North-Tarim baisin": "Bac Thap Ly Moc",
    "River": "Ben Song",
    "Hotan": "Hoa Dien",
    "Hotan Ferry": "Ben pha Hoa Dien",
    "Eastern Hotan": "Dong Hoa Dien",
    "Northern Hotan": "Bac Hoa Dien",
    "Southern Hotan": "Nam Hoa Dien",
    "Hotan Kingdom": "Vuong quoc Hoa Dien",
    "Western Hotan": "Tay Hoa Dien",
    "Entrance-Karakoram": "Loi vao Karakoram",
    "East-Karakoram ": "Dong Karakoram",
    "North-Karakoram ": "Bac Taklamakan",
    "Karakoram Ancient Remains": "Di chi Karakoram",
    "South-Karakoram ": "Nam Karakoram",
    "Karakoram Oasis": "oc dao Karakoram",
    "West-Karakoram ": "Tay Karakoram",
    "South-Taklamakan ": "Nam Taklamakan",
    "North-Taklamakan": "Bac Taklamakan",
    "Anahita River": "Song Thanh Tinh",
    "Temple of fertility": "Phong Nhieu Tu",
    "Desert of Mysterious death ": "Sa Mac Than Bi",
    "Niya Remains": "Di chi Niya",
    "Darkness Cave": "Hang toi",
    "Burglar town ": "Lang dao tac",
    "Mt. Roc field": "Bai Lac Khac",
    "Aircraft dock": "Ben thuyen bay",
    "Peak of Brain": "Dinh Nao",
    "Peak of Beak": "Dinh Vu",
    "Wind town": "Lang gio",
    "Mt. Roc": "Lac Khac Son",
    "Peak of Wing": "Dau canh",
    "Peak of Heart": "Dau tim",
    "Peak of Claw": "Dau mong tay",
    "Shepherd's town": "Lang chan nuoi cuu",
    "Peak of Eye": "Dinh Mat",
    "Peak of Tail": "Dinh Duoi",
    "Discarded town": "Lang hoang",
    "Mt. Roc Summit": "Dinh Chop Lac Khac Son",
    "Protector's Room": "Dinh Lac Khac Son",
    "Mt. Roc Audience Chamber": "Tay Vuc",
    "Witch's Lighthouse": "Hai Dang",
    "Traveler's Hill": "Doi lu hanh",
    "Forest of Dusk": "Rung Hoang Hon",
    "Shore of Early Dawn": "Bo bien Le Minh",
    "Golden Plain": "Thao nguyen Hoang Kim",
    "Bloody Hill": "Doi huyet dau",
    "Eastern Europe Dock": "Ben cang Tay Au",
    "Forest of Sorrow": "Rung bi thuong",
    "Hill of Desperado": "Doi Vo Phap Gia",
    "Garden of Gods": "Khu vuon cua Chua",
    "Jupiter Temple": "Loi than dien",
    "Thunder Waterfall": "Thac nuoc Loi Thanh",
    "Coast of Troy": "Bo bien Troy",
    "Sigia Dock": "Ben tau Sigia",
    "Center-Minor Asia ": "Trung-Tieu a ",
    "Pond Ruins": "Di tich Ho Lien Hoa",
    "Evil Order Fortress": "Phao dai ta ac",
    "Cleopatra's Gate": "Cong Cleopatra",
    "Anatolian Plateau": "Cao nguyen Anatolian",
    "South- Minor Asia": "Nam-Tieu a",
    "Haran's Tower": "Thap Haran",
    "East- Minor Asia": "Dong-Tieu a",
    "Ampitheater": "Nha hat Vien Hinh",
    "Punishment Valley": "Thung lung Trung phat",
    "Ong Habitat": "Mien dat cua ong",
    "West-Central Asia": "Tay-Tieu a",
    "Center-Central Asia": "Trung-Tieu a ",
    "Huns Garrison": "Vung dat chiem cua Hung No",
    "Pamir Plateau": "Cao nguyen Pamir",
    "Entrance-Tunnel of Abyss": "Loi vao-Ham Abyss",
    "Donwhang Stone Cave": "Thach Dong",
    "1st floor- Donwhang Stone Cave": "Tang 1 - Thach Dong",
    "2nd floor- Donwhang Stone Cave": "Tang 2 - Thach Dong",
    "3rd floor- Donwhang Stone Cave": "Tang 3 - Thach Dong",
    "4th floor- Donwhang Stone Cave": "Tang 4 - Thach Dong",
    "Underground Level 6 of Tomb of Qin-Shi ": "lang mo Tan Thuy Hoang tang ham thu 6",
    "Underground Level 5 of Tomb of Qin-Shi": "lang mo Tan Thuy Hoang tang ham thu 5",
    "Underground Level 4 of Tomb of Qin-Shi": "lang mo Tan Thuy Hoang tang ham thu 4",
    "Underground Level 3 of Tomb of Qin-Shi": "lang mo Tan Thuy Hoang tang ham thu 3",
    "Underground Level 2 of Tomb of Qin-Shi": "lang mo Tan Thuy Hoang tang ham thu 2",
    "Underground Level 1 of Tomb of Qin-Shi": "lang mo Tan Thuy Hoang tang ham thu 1",
    "Jangan Fortress": "Phao dai Truong An",
    "Bandit Fortress": "Phao dai DonwHang",
    "Hotan Fortress": "Phoa dai Hoa Dien",
    "Battle Arena (S)": "Chiem Linh Chien (S)",
    "Battle Arena (M)": "Chiem Linh Chien (M)",
    "Battle Arena (L)": "Chiem Linh Chien (L)",
    "Capture the flag (S)": "Doat Ky Chien (S)",
    "Capture the flag (M)": "Doat Ky Chien (M)",
    "Capture the flag (L)": "Doat Ky Chien (L)",
    "Score (S)": "Diem (S)",
    "Score (M)": "Diem (M)",
    "Score (L)": "Diem (L)",
    "Exit": "Cua ra",
    "Exit 1-1": "1-1 Cua ra",
    "1-2 (Warp to 2-1)": "1-2 (Den diem truyen tong cua 2-1)",
    "2-1 (Warp to 1-2)": "2-1 (Den diem truyen tong cua 1-2)",
    "2-2 (Warp to 3-1)": "2-2 (Den diem truyen tong cua 3-1)",
    "Chamber of Courage": "Phong Dung Khi",
    "Chamber of Challenge": "Phong Thu Thach",
    "Chamber of Trial": "Phong Tap Luyen",
    "Chamber of Hero": "Phong Anh Hung",
    "Hill of Fourfold Paths": "Tu quan lenh",
    "Main Enterance": "Cua vao trung tam",
    "Main Exit": "Cua ra khoi trung tam",
    "Osiris Garden": "Vuon Osiris",
    "Trader/Hunter Enterance": "Thuong Nhan/ Bao Tieu - Vao",
    "Theif Enterance": "Dao Tac - Vao",
    "Trader/Hunter Exit": "Thuong Nhan/ Bao Tieu - Ra",
    "Theif Exit": "Dao Tac - Ra",
    "Dimension Gate(Seth)": "Truyen tong mon (Seth)",
    "Mahamura Beach": "Hong Hai",
    "Abundance Ground": "Vung dat mau mo",
    "Abu Mena Ruin": "Di chi Abu Mena",
    "Forbidden plain": "Binh nguyen bi quen lang",
    "KingsValley": "Thung lung cac vi vua",
    "Echo valley": "Thung lung vang vong",
    "Red ground": "Lanh dia hong",
    "Chaos Maze": "Me cung hon don",
    "Holy Water Temple": "Den thuy quai",
    "Pharaoh tomb Entrance": "Cua vao lang mo Pharaoh",
    "Pharaoh tomb": "Lang mo Pharaoh",
    "Sand Desert": "Sa mac cat",
    "Salt Post": "Via muoi",
    "Mushroom rock area": "Khu vuc nam da",
    "Salt Desert": "Sa mac muoi",
    "sanctum of Restriction": "Thanh Dia Che Uoc",
    "sanctum of Blue Eye": "Thanh Dia Lam Tuyet",
    "sanctum of punishment": "Thanh Dia Trung Phat",
    "sanctum of Atonement": "Thanh Dia Chuoc Toi",
    "sanctum of Immortality": "Thanh Dia Vinh Sinh",
    "sanctum of Dark": "Thanh Dia Hac am",
    "Temple": "Den tho",
    "Cave of Meditation": "Thien Dinh Dong",
    "Togui Village": "Lang Togui",
    "Inside of the Shipwreck": "Ben trong con Tau dam",
    "Outside of the Shipwreck": "Ben ngoai con Tau dam",
    "Flame Mountain": "Hoa Diem Son",
    "Enterance of Jupiter Temple": "Loi vao den tho Jupiter",
    "Hall of Worship": "Den tho ton kinh",
    "The Earth's Room": "Phong Earth",
    "Yuno's Room": "Phong Do Sat",
    "Jupiter's Room": "Phong cua Jupiter",
    "Zealots Hideout": "Noi an nau cua Zealot",
    "Catacomb": "Ham",
    "GM's Room": "0",
    "Prison": "Nha tu",
    "Entrance-Donwhang Stone Cave ": "Don Hoang Thach Dong - Loi vao",
    "1F-Path": "1F- Loi Di",
    "1F-Cave": "1F -ham ngam",
    "1F-Chamber(A)": "1F-thach that (A)",
    "1F-Chamber(B)": "1F-thach that (Di)",
    "1F-Chamber(C)": "1F-thach that (Da)",
    "1F-Chamber(D)": "1F-thach that (Phat)",
    "1F-Chamber(E)": "1F-thach that (Di)",
    "1F-Chamber(F)": "1F-thach that (Lac)",
    "1F-Chamber(G)": "1F-thach that (Quan)",
    "1F-Chamber(H)": "1F-thach that (Am)",
    "1F-Chamber(I)": "1F-thach that (Thien)",
    "1F-Chamber(J)": "1F-thach that (Thu)",
    "1F-Chamber(K)": "1F-thach that (Bo)",
    "1F-Chamber(L)": "1F-thach that (Tat)",
    "1F-Chamber(M)": "1F-thach that (Thich)",
    "1F-Chamber(N)": "1F-thach that (Ca)",
    "1F-Chamber(O)": "1F-thach that (Nhu)",
    "1F-Chamber(P)": "1F-thach that (Lai)",
    "2F-Path": "2F-Loi Di",
    "2F-Cave": "2F-ham ngam",
    "2F-Chamber(A)": "2F-thach that (A)",
    "2F-Chamber(B)": "2F-thach that (Di)",
    "2F-Chamber(C)": "2F-thach that (Da)",
    "2F-Chamber(D)": "2F-thach that (Phat)",
    "2F-Chamber(E)": "2F-thach that (Di)",
    "2F-Chamber(F)": "2F-thach that (Lac)",
    "2F-Chamber(G)": "2F-thach that (Quan)",
    "2F-Chamber(H)": "2F-thach that (Am)",
    "2F-Chamber(I)": "2F-thach that (Thien)",
    "2F-Chamber(J)": "2F-thach that (Thu)",
    "2F-Chamber(K)": "2F-thach that (Bo)",
    "2F-Chamber(L)": "2F-thach that (Tat)",
    "2F-Chamber(M)": "2F-thach that (Thich)",
    "2F-Chamber(N)": "2F-thach that (Ca)",
    "2F-Chamber(O)": "2F-thach that (Nhu)",
    "2F-Chamber(P)": "2F-thach that (Lai)",
    "Audience Chamber": "phong dien kien hoang de",
    "Military Camp 1": "doanh trai 1",
    "Military Camp 2": "doanh trai 2",
    "Military Camp 3": "doanh trai 3",
    "Military Camp 4": "doanh trai 4",
    "Military Camp 5": "doanh trai 5",
    "Military Camp 6": "doanh trai 6",
    "Military Camp 7": "doanh trai 7",
    "Military Camp 8": "doanh trai 8",
    "Military Camp 9": "doanh trai 9",
    "Military Camp 10": "doanh trai 10",
    "Military Camp 11": "doanh trai 11",
    "Military Camp 12": "doanh trai 12",
    "Military Camp 13": "doanh trai 13",
    "Military Camp 14": "doanh trai 14",
    "Military Camp 15": "doanh trai 15",
    "Military Camp 16": "doanh trai 16",
    "Room of Courage": "phong dung khi",
    "Room of Challenge": "phong thu thach",
    "Room of Ordeal": "phong tap luyen",
    "Rooom of Hero": "phong anh hung",
    "Central Cave": "hang dong trung uong",
    "Central Cave Passage": "loi den hang dong trung uong",
    "West Snake Cave Passage": "loi den hang dong phia Tay",
    "West Snake Cave (Sa)": "hang dong phia Tay(Tu)",
    "West Snake Cave (Lyn)": "hang dong phia Tay(Lam)",
    "West Snake Cave (Chun)": "hang dong phia Tay(Thien)",
    "West Snake Cave (Do)": "hang dong phia Tay(Do)",
    "West Snake Cave (Ha)": "hang dong phia Tay(Ha)",
    "West Snake Cave (Re)": "hang dong phia Tay(Lai)",
    "North Snake Passage": "loi den hang dong phia Bac",
    "North Snake Cave (Sa)": "hang dong phia Bac(Tu)",
    "North Snake Cave (Lyn)": "hang dong phia Bac(Lam)",
    "North Snake Cave (Chun)": "hang dong phia Bac(Thien)",
    "North Snake Cave (Do)": "hang dong phia Bac(Do)",
    "North Snake Cave (Ha)": "hang dong phia Bac(Ha)",
    "North Snake Cave (Re)": "hang dong phia Bac(Lai)",
    "East Snake Passage": "loi den hang dong phia Dong",
    "East Snake Cave (Sa)": "hang dong phia Dong(Tu)",
    "East Snake Cave (Lyn)": "hang dong phia Dong(Lam)",
    "East Snake Cave (Chun)": "hang dong phia Dong(Thien)",
    "East Snake Cave (Do)": "hang dong phia Dong(Do)",
    "East Snake Cave (Ha)": "hang dong phia Dong(Ha)",
    "East Snake Cave (Re)": "hang dong phia Dong(Lai)",
    "South Snake Passage": "loi den hang dong phia Nam",
    "South Snake Cave (Sa)": "hang dong phia Nam(Tu)",
    "South Snake Cave (Lyn)": "hang dong phia Nam(Lam)",
    "South Snake Cave (Chun)": "hang dong phia Nam(Thien)",
    "South Snake Cave (Do)": "hang dong phia Nam(Do)",
    "South Snake Cave (Ha)": "hang dong phia Nam(Ha)",
    "South Snake Cave (Re)": "hang dong phia Nam(Lai)",
    "Snake Passage": "loi den tu quan",
    "NorthWest Snake Passage": "loi den tu quan phia Tay bac",
    "NorthEest Snake Passage": "loi den tu quan phia dong bac",
    "SouthEest Snake Passage": "loi den tu quan phia dong Nam",
    "SouthWest Snake Passage": "loi den tu quan phia Tay Nam",
    "Snake Room": "lanh dia tu quan",
    "North Ki Room": "bac ki quan",
    "East Jung Room": "dong chinh quan",
    "South Yul Room": "nam luat quan",
    "West Hew Room": "tay huu quan",
    "NorthWest Snake Room (Ki)": "tu quan Tay bac(ki)",
    "NorthWest Snake Room (Jung)": "tu quan Tay bac(chinh)",
    "NorthWest Snake Room (Yul)": "tu quan Tay bac(luat)",
    "NorthWest Snake Room (Hew)": "tu quan Tay bac(huu)",
    "NorthEest Snake Room (Ki)": "tu quan dong bac(ki)",
    "NorthEest Snake Room (Jung)": "tu quan dong bac(chinh)",
    "NorthEest Snake Room (Yul)": "tu quan dong bac(luat)",
    "NorthEest Snake Room (Hew)": "tu quan dong bac(huu)",
    "SouthEest Snake Room (Ki)": "tu quan dong nam(ki)",
    "SouthEest Snake Room (Jung)": "tu quan dong nam(chinh)",
    "SouthEest Snake Room (Yul)": "tu quan dong nam(luat)",
    "SouthEest Snake Room (Hew)": "tu quan dong nam(huu)",
    "SouthWest Snake Room (Ki)": "tu quan Tay Nam(ki)",
    "SouthWest Snake Room (Jung)": "tu quan Tay nam(chinh)",
    "SouthWest Snake Room (Yul)": "tu quan Tay nam(luat)",
    "SouthWest Snake Room (Hew)": "tu quan Tay nam(huu)",
    "The Blue Dragon Passage": "loi den Thieu Ho quan",
    "The Black Tortoise Passage": "loi den Chuyen Huc quan",
    "The White Tiger Passage": "loi den Thieu ho quan",
    "The Blue Hawk Passage": "loi den Nhiem de quan",
    "Flame Sprite Passage": "lanh dia nhiem hoa",
    "The Black Tortoise Room": "Chuyen huc quan",
    "The White Tiger Room": "Thieu ho quan",
    "The Blue Hawk Room": "Nhiem de quan",
    "The Blue Dragon Room": "Thai ho quan",
    "Central Viper Passage": "loi di chinh den tu lenh",
    "The White Viper Room": "bach tu lenh",
    "The Black Viper Room": "hac tu lenh",
    "Guardian Viper Room": "thuy ho lenh",
    "Viper Room": "Tu lan lenh",
    "Blue Zone": "Bo Hong Hai",
    "Red Zone": "Khu vuc bien Dia Trung Hai",
    "Passage": "Quai vat cap 100~102",
    "Blue Zone Passage": "Vung dat mau mo",
    "Red Zone Passage": "Khu vuc Delta phi nhieu",
    "Blue team revival zone": "Vi tri xuat hien doi xanh",
    "Red team revival zone": "Vi tri xuat hien doi do",
    "Inside of the Flame Mountain": "Phia trong Hoa Diem Son",
    "Ferry In China, West": "Trung Nguyen Ben Tay",
    "Ferry used to move to Western China": "Qua ben pha nay la sang Trung Nguyen",
    "Stronghold of Bandits that dominate the Tiger Mountain and threaten merchants": "Noi xuat hien bon Son Tac, phia tren Ho Huyet Son, thuong tan cong cac thuong nhan",
    "Monster Level 12~16": "Quai vat cap do 12~16",
    "Ferry In China, East": "Trung Nguyen Ben Dong",
    "Ferry that is used to move to Western China": "Qua ben pha nay la sang Trung Nguyen",
    "once the spirit of tree, blood-stained Forest of Yeohas": "Khu rung truoc day chua day tinh khi cua cay nhung gio da chim trong mau.",
    "Monster Level 10": "Quai vat cap do 10",
    "Shaman's Home": "Am cua thay mo",
    "Swamp": "Dam lay",
    "Swamp occupied by Water Ghosts": "Khu dam day nhung bon Quy dam lau la",
    "Monster Level 6~7": "Quai vat cap do 6~7",
    "China Grassland": "Thao Nguyen",
    "Beautiful grassland that spread across Jangan": "Vung thao nguyen tuyet dep trai dai truoc thanh Truong An",
    "Monster Level 1~2": "Quai vat cap do 1~2",
    "Capital of China, and the center city of Silk Road trade": "Kinh do cua Trung Hoa va la trung tam cua con duong to lua",
    "China Tomb": "Lang mo Tan Thuy Hoang",
    "A tomb with stones hovering occupied by the evil energy": "Khu lang mo voi nhung quai vat da rat hung du",
    "Monster Level 8~9": "Quai vat cap do 8~9",
    "Gateway to Qin-Shi Tomb": "Rao can den lang mo Tan Thuy Hoang",
    "Ferry that is used to move to Hotan from Tarim Basin": "Ben pha sang Hoa Dien tu Thap Ly Moc",
    "A ravine well known for not being able to escape once anyboyd goes into": "Con hem noi tieng va la con duong doc dao, khong the thoat than",
    "Monster Level 41~42": "Quai vat cap do 41~42",
    "Den of Black Robbers, lead by the great commander Uruchi": "Khu trai cua bon Hac Mac Tac, noi tru an cua tuong quan noi tieng O Lo Te",
    "Monster Level 36~38": "Quai vat cap do 36~38",
    "Tarim Oasis": "oc dao Thap Ly moc",
    "Oasis that offers fresh water to infertile Tarim Basin": "oc dao duy nhat cung cap nguon nuoc trong lanh cho Thap Ly Moc",
    "Monster Level 33~34": "Quai vat cap do 33~34",
    "Entrance of Donwhang Stone Cave ": "Cua vao Don Hoang Thach Dong",
    "Entrance to Donwhang Stone Cave": "Loi dung de di vao Don Hoang Thach Dong",
    "Desert of Mongol plateau, formed with stony deserts": "Sa mac nam tren Cao nguyen Mong go, duoc hinh thanh tu nhung sa mac day da",
    "Monster Level 29~30": "Quai vat cap do 29~30",
    "Canyon of Western China, occupied by Earth Ghosts": "Thung lung o Don Hoang, noi sinh song cua loai Tho quy",
    "Monster Level 27~30": "Quai vat cap do 27~30",
    "Okmungwan": "Ngoc Mon Quan",
    "A gate that brings in jades from Western China": "Canh cong duoc lam bang ngoc bich cua Don Hoang",
    "A gateway city of Silk Road that connects China and Central Asia": "Thanh pho cua ngo cua Con duong to lua, noi lien Trung Hoa va Trung a",
    "Western China West Ferry": "Tay Vuc Ben Tay",
    "Ferry that is used to move to China from Western China": "Qua ben pha nay la sang Trung Nguyen tu Tay Vuc",
    "Hyungno Homeland": "Dat Hung No",
    "A place where the souls of Hyungno tribe beaten by the Hans hover": "Noi day ray nhung linh hon cua Bo toc Hung no",
    "Monster Level 23~24": "Quai vat cap do 23~24",
    "Western China East Ferry": "Tay Vuc Ben Dong",
    "Hotan Palace": "Thanh Hoa Dien",
    "The biggest oasis city in southern land, western china, located in the center of Silk Road": "Thanh pho oc dao lon nhat nam o trung tam cua Con duong to lua",
    "P'ao Village": "Thon Bac ao",
    "Area with traces of residence of Mongol tribes": "Noi co dau vet cua bo toc Mong go",
    "Monster Level 43": "Quai vat cap do 43",
    "Ferry that is used to move to Tarim Basin from Hotan": "Qua day la den Thap Ly Moc",
    "Karakoram Northwest Dock": "Ben Tay Bac Karakoram",
    "Dock that is used to move to Roc Mountain and Central Asia from Karakoram": "Ben thuyen nay duoc su dung de di chuyen den Lac Khac Son tu Karakoram",
    "Karakoram Southwest Dock": "Ben Tay Nam Karakoram",
    "Dock that is used to move to Roc Mountain from Karakoram": "Su dung de dich chuyen den Lac Khac Son tu Karakoram",
    "Spider Forest": "Rung nhen",
    "Forest occupied by the spiders that worship goddess Isyutaru": "Khu rung tru an cua loai nhen luon ton tho chua te Bang Chua Nhi",
    "Monster Level 52~58": "Quai vat cap do 52~58",
    "Frozen oasis of Karakoram": "oc dao bi dong bang cua Karakoram",
    "Monster Level 59~60": "Quai vat cap do 59~60",
    "Karakoram Ancient Ruins": "Di chi co xua cua Karakoram",
    "Remains zone where Karakoram civilization that has been prosperous in the past froze by the goddess Isyutaru": "Noi co nhung di tich con lai cua cu dan thanh Karakoram mot thoi thinh vuong da bi Bang Chua Nhi dong bang",
    "Monster Level 54~57": "Quai vat cap do 54~57",
    "Karakoram Entrance": "Loi vao Karakoram",
    "Entrance of Karakoram that leads to Karakoram from Hotan": "Qua day la den Karakoram tu Hoa Dien",
    "Monster Level 49~50": "Quai vat cap do 49~50",
    "Entrance of Abyss Tunnel": "Loi vao Ham Abyss",
    "Tunnel that is used to move to Central Asia from Taklamakan": "Qua ham nay la den Trung a tu Taklamkan",
    "A river that has been abundant with the blessing of ancient goddess Anahita": "Dong song cho nang phu sa va nhung loi chuc phuc cua cac vi than Thanh Tinh",
    "Monster Level 65~67": "Quai vat cap do 65~67",
    "Area where central city of Niya civilization remains that has once been prosperous in the past": "Khu vuc voi nhieu tan tich con lai cua cu dan thanh Niya",
    "Monster Level 77~80": "Quai vat cap do 77~80",
    "Cave of Darkness": "Hang toi",
    "Deep and Dark cave that connects Karakoram and Taklamakan": "Noi noi lien Karakoram va Taklamakan",
    "Desert of Mysterious Death ": "Sa Mac Than Bi",
    "Mysterious desert that can face with  mysterious deaths": "Mot sa mac than bi gay ra nhung cai chet bi hiem",
    "Monster Level 61~63": "Quai vat cap do 61~67",
    "Fertility Temple": "Phong Nhieu Tu",
    "A temple of past Niya civilization that worshipped Anahita, the goddess of wealth": "Khu den qua khu cua cu dan Niya noi tho than Thanh Tinh",
    "Thief Town": "Lang Dao Tac",
    "Town where vicious thieves are living in": "Khu lang cua bon dao tac",
    "Roc Mountain Northwest Dock": "Ben Thuyen Bay Tay Bac Lac Khac Son",
    "Dock that can be used to move to Minor Asia  from Roc Mountain": "Tu day ban co the bay sang vung Tieu a",
    "Peak guarded by the Guardian Rocky(Eye) who took over the seal of monstrous bird": "Dinh duoc bao ve boi Thuy Ho Lac Khac Quai (Mat)",
    "Monster Level 85~87": "Cap do quai vat 85 ~ 87",
    "Discarded Town": "Ngoi Lang Hoang",
    "A town that people left behind due to the oppression of Roc Tribe": "Nguoi dan da phai roi bo noi nay vi su doc ac cua Bo Toc Roc",
    "Peak guarded by the Guardian Rocky(Tail) who took over the seal of monstrous bird, Roc": "Dinh duoc bao ve boi Thuy Ho Lac Khac Quai (Duoi)",
    "Monster Level 78~80": "Cap do quai vat 78 ~ 80",
    "Peak Of Claw": "Dinh Vuot",
    "Peak guarded by the Guardian Rocky(Claw) who took over the seal of bizarre bird, Roc": "Dinh duoc bao ve boi Thuy Ho Lac Khac Quai (Vuot)",
    "Shepherd's Town": "Lang Chan Cuu",
    "Town where people make a living by growing sheep": "Noi co nhieu cu dan hien dang sinh song",
    "Summit Entrance of Roc Mountain ": "Loi vao Dinh Chop Lac Khac Son",
    "Entrance that leads to the summit of Roc Mountain": "No se dan ban toi Dinh Chop cua Lac Khac Son",
    "Monster Level 88": "Cap do quai vat 88",
    "Peak Of Heart": "Dinh Tim",
    "Peak guarded by the Guardian Rocky(Heart) who took over the seal of monstrous bird, Roc": "Dinh duoc bao ve boi Thuy Ho Lac Khac Quai (Tim)",
    "Peak Of Wing": "Dinh Canh",
    "Peak guarded by the Guardian Rocky(Wing) who took over the seal of monstrous bird, Roc": "Dinh duoc bao ve voi Thuy Ho Lac Khac Quai (Canh)",
    "Town of Wind": "Lang Gio",
    "Town that has once been prosperous with the blessing of the wind": "Ngoi Lang thinh vuong duoc ban phuoc lanh tu Than Gio",
    "Peak guarded by the Guardian Rocky(Beak) who took over the seal of monstrous bird, Roc": "Dinh duoc bao ve boi Thuy Ho Lac Khac Quai (Vu)",
    "Peak guarded by the Guardian Rocky(Brain) who took over the seal of monstrous bird, Roc": "Dinh duoc bao ve boi Thuy Ho Lac Khac Quai (Nao)",
    "Roc Mountain Northeast Dock": "Ben Thuyen Bay Dong Bac Lac Khac Son",
    "Dock where leads to Central Asia and Center of Middle Asia from Roc Mountain": "Tu day ban co the bay sang vung Trung a",
    "Mt. Roc Southeast Dock": "Ben Thuyen Bay Dong Nam Lac Khac Son",
    "Dock where leads to Karakoram from Mt. Roc ": "Tu day ban co the bay sang vung Karakoram",
    "Summit of Mt. Roc where the Monstrous Bird Roc lives": "Day la noi Quai Dieu sinh song",
    "Chamber of guardian": "0",
    "Gate of Ruler, guarded by Demon Shaitan": "Loi vao cong troi",
    "Chamber of Roc": "Quai dieu xuat hien",
    "Place where Roc tribe gets ready to meet Roc": "Quai deu da xuat hien tai to",
    "Lighthouse where Sunset Witch lives": "Ngon hai dang noi phu thuy Sunset song",
    "Monster Level 1~4": "Quai vat cap do 1~4",
    "Capital of the Roman Empire, that is called the sun of the west": "Thu do cua de quoc Roma, con duoc goi la mat troi cua phuong tay",
    "A hill, the resting area for travelers": "Khu vuc nghi ngoi cua cac lu khach",
    "A forest where true worth is discovered only by those of old age": "Khu rung lau nam voi nhieu bi mat an giau",
    "Monster Level 14~16": "Quai vat cap do 14~16",
    "A shore where beautiful singing voice is heard during dawn": "Bo bien voi nhung giong hat tuyet voi duoc cat len vao moi sang",
    "Monster Level 18~20": "Quai vat cap do 18~20",
    "Beautiful plain where golden grass is widely spread": "Thao nguyen tuyet dep trai dai voi nhung ngon co bang vang",
    "Dock that can be used to move to Minor Asia  from Eastern Europe": "Tu Dong Au, qua ben cang nay la den Tieu a ",
    "A hill where the king who guarded Constantinople in the past fought bravely": "Noi day, nha vua da chien dau dung cam de bao ve thanh Constantinople",
    "Monster Level 3~4": "Quai vat cap do 3~4",
    "A forest that has been devastated by invasion of enemy tribes": "Khu rung bi tan pha boi su xam lang cua nhieu bo toc hung du",
    "Monster Level 5~12": "Quai vat cap do 5~12",
    "Desperado Hill": "Doi Vo Phap Gia",
    "A hill where the well known desperado Sunishi pillaged others": "Khu doi noi tieng noi vo phap gia Sunishi thuc hien nhung vu cuop boc cua minh ",
    "Monster Level 12~15": "Quai vat cap doo 12~15",
    "An area where the ancient gods of Greece enjoyed strolling": "Khu vuon ma cac vi than Hy Lap thuong di dao",
    "Monster Level 17~19": "Quai vat cap do 17~19",
    "A temple where Greeks worshipped the greatest god Zeus in the past": "Khu dien tho cac vi than Hy Lap, voi than toi cao la than Dot.",
    "A waterfall where the flow of water is as strong as a thunderclap": "Thac nuoc hung vi voi dong nuoc chay xiet va bao canh tuyet dep",
    "A coast where ancient Troy ruled over in western Minor Asia": "Bo bien bo toc Troy tung thong tri",
    "Monster Level 21~23": "Quai vat cap do 21~23",
    "Dock that can be used to move to Eastern Europe from Asia Minor": "Qua day co the den Dong Au tu Tieu a",
    "Droa Dock": "Ben tau Droa",
    "A pond where remains of ancient civilization is left": "Khu ho da bi lang quen",
    "Headquarter of Evil Orders made by Captain Ivy": "Thu phu cua bon ta ac do thuyen truong Ivy thiet lap nen",
    "Monster Level 22~27": "Quai vat cap do 22~27",
    "An area where ancient Greeks were hiding from religious suppression": "Khu vuc duoc nguoi Hi lap giau ky nho cac ta phap",
    "A place where Cleopatra, the queen of Egypt, met the Roman general Marcus Antonius": "Day la noi nu hoang Ai cap, Cleopatra, gap tuong quan Hi Lap Marcus Antonius",
    "Monster Level 25~27": "Quai vat cap do 25~27",
    "A plateau on the basin located in Asia Minor peninsula": "Vung dat rong lon, bang phang nam tren ban dao Tieu a",
    "A tower with traces of ancient Harans": "Mot ngon thap co kinh van con nhieu vet tich cua Harans",
    "Monster Level 27~28": "Quai vat cap do 27~28",
    "A theater Romans made for public performances": "Nha hat Hi lap, noi cong chieu nhung vo dien lon",
    "Minor Asia south Dock": "Ben Nam Tieu a",
    "Dock that can be used to move to Roc Mountain from Asia Minor": "Qua day la den duoc Lac Khac Son",
    "A valley made by God, to punish Calibria, the dark warlock that has challenged him": "Noi Chua trung phat Calibria",
    "The habitat of Ongs located at Central Asia ": "Vung dat cua Ong tai Tieu a",
    "A city of blue light, prosperous as the trade city of Silk Road": "Thanh pho giau sang nam tren Con duong to lua",
    "Garrison of Huns who cause war to achieve the glory of the past": "Noi bo toc Hung No da chiem giu duoc trong cac cuoc chien tranh",
    "Monster Level 35~37": "Quai vat cap do 35~37",
    "An area made with highlands located in Central Minor": "Khu cao nguyen rong lon va trai dai tai Tieu a",
    "Monster Level 39~40": "Quai vat cap do 39~40",
    "Tunnel that can be used to move to Samarkand from Central Asia": "Qua day se den Samarkand",
    "East Dock in Central Asia ": "Ben Dong Tieu a",
    "Dock that can be used to move to Karakoram and Roc Mountain from Central Asia": "Qua day se den Karakoram va Lac Khac Son",
    "Battle Arena - Arena": "Chien dau - Chiem Linh Chien",
    "Battle Arena - Capture the flag": "Chien dau - Doat Ky Chien",
    "The team with the most flags captured wins": "Doi nao chiem duoc nhieu co hon se chien thang",
    "Battle Arena - Score": "Chien dau - Diem so chien",
    "The team with the highest points wins": "Doi co diem so cao nhat se chien thang",
    "Blue Team respawn point": "Quai vat cap 100~102",
    "Red Team respawn point": "Di chi Abu Mena",
    "Religious ruins near Alexandria": "Di chi Co Doc Giao thuoc Alexander",
    "Monster Level 100 ~ 102": "Quai vat cap 100~102",
    "forbidden plain": "Binh nguyen bi lang quen",
    "Headquarter of Pirates near Old Cairo": "Sao huyet cua cuop bien gan Cairo cu",
    "Valley with full of endless bug sound": "Thung lung am thanh toi loi",
    "Monster Level 101 ~ 102": "Quai vat cap 100~102",
    "bloody field place infront of trade center": "Dai dia huyet tinh gan trung tam buon ban",
    "Monster Level 103 ~ 104": "Quai vat cap 103~104",
    "Lost City with glorious  relics from past. ": "Di tich noi co cac di san noi tieng tung duoc luu truyen khi sua",
    "Monster Level 104 ~ 105": "Quai vat cap 104~105",
    "Place where Holy animal Apis lives": "Lanh dia cua quai vat Apis",
    "Monster Level 105 ~ 106": "Quai vat cap 105~106",
    "Monster Level 106": "Quai vat cap 106",
    "Entrance to Pharaoh Tomb": "Cua vao lang mo Pharaoh",
    "Desert covered with salt and white sand": "Sa mac hinh thanh tu muoi va cat trang",
    "Monster Level 107 ~ 108": "Quai vat cap 107~108",
    "Salt Post place in Salt Desert": "Via muoi tai sa mac muoi",
    "Desert covered with red sand": "Sa mac hinh thanh tu cat do",
    "Monster Level 109 ~ 110": "Quai vat cap 109~110",
    "Desert covered with red pebbles": "Sa mac hinh thanh tu da do",
    "Desert covered with red pebbles and huge rocks": "Sa mac duoc hinh thanh tu da do va nham thach",
    "Monster Level 106 ~ 107": "Quai vat cap 106~107",
    "Desert covered with black sand": "Sa mac hinh thanh tu cat den",
    "Desert covered with black pebbles": "Sa mac hinh thanh tu da den",
    "Desert covered with black pebbles and huge rocks": "Sa mac duoc hinh thanh tu da den va nham thach",
    "Stony desert made with mushroom rock and tri-rock": "Sa mac duoc hinh thanh tu nam da va Tam Lang Thach",
    "sanctum of Resurrection": "Thanh Dia Hoi Sinh",
    "sanctum of Riddle": "Thanh Dia Nghi Van",
    "sanctum of Test": "Thanh Dia Khao Nghiem",
    "sanctum of Red Eye": "Thanh Dia Hong Tuyet",
    "sanctum of Mystery": "Thanh Dia Than Bi",
    "sanctum of Glory": "Thanh Dia Vinh Quang",
    "sanctum of Audience": "Thanh Dia Yet Kien",
    "Trader/Hunter Entrance": "Thuong Nhan/ Bao Tieu - Vao",
    "Thief Entrance": "Dao Tac - Vao",
    "Harbor city placed middle of north egypt. Famous with  Alexandria library and Paros Light house": "Thanh pho cang Dia Trung Hai, huong ve trung tam phia Bac Ai Cap, noi noi tieng voi thu vien Alexandria va ngon Hai dang Paros",
    "Kings Valley": "Thung lung cac vi vua",
    "Valley with Tombs of Paraohs": "Thung lung noi yen nghi cua cac Pharaoh",
    "Paraoh tomb": "Lang mo Pharaoh",
    "Place, where Paraoh's mummies kept": "Noi bao quan xac uoc cua cac Pharaoh",
    "Storm and cloud desert": "Sa mac Phong Bao O Van",
    "Desert with non-stop dark storm rules over.": "Sa mac hang nam bi Hac Phong Bao va O Van chi phoi",
    "Where Ancient God's secret lies ": "Di tich chua cac bi mat co dai",
    "Chamber of Test": "Phong Khao Nghiem",
    "A place guarded by Sphinx in which wisdom is tested": "Phong khao nghiem tri tue do Nhan Su canh giu",
    "Chamber of the God of War": "Phong Chien Than",
    "A place guarded by the god of war, Sekhmet": "Phong do chien than Sekhmet canh giu",
    "Chamber of Warrior": "Phong Dung Si",
    "A place guarded by the god of the sun, Horus": "Phong do than mat troi Horus canh giu",
    "Chamber of revival": "Phong Tai Sinh",
    "A place guarded by the god of death and resurrection, Osiris": "Phong do tu than Osiris canh giu",
    "A place where many monks disciplined themselves through Zen meditation in order to attain the Enlightenment.": "Day la noi cac tu si tu hanh ngoi thien den khi vien tich de toi coi niet ban",
    "Legacy of God - Togui Village": "Di san cua Thien Chua – Lang Togui",
    "A world filled with evil magic and wicked energy": "Mot the gioi ma thuat day nang luong ky dieu",
    "Legacy of God - Flame Mountain": "Di san cua Thien Chua – Nui Lua",
    "A world in which intense flame puts out hellish heat": "Day la khu vuc bi an tren the gioi ngap tran boi ngon lua dia nguc",
    "Legacy of God - Shipwreck": "Di san cua Thien Chua –  Tau dam",
    "An abysmal world filled with various monsters and ghost pirates": "The gioi  ma quai cua cac loai quai vat va cuop bien. ",
    "Cemetery": "Nghia trang",
    "The team with the highest number of captured ghosts, thus the highest score, wins.": "Doi voi diem so cao nhat se chien thang",
    "A mysterious dungeon where the power of the sun lies dormant within.": "Hang dong bi an noi an giau suc manh cua mat troi",
    "A den of darkness where the fanatic Baal followers are gathered.": "Hang dong bong toi noi thu nhan tin do cua Baal",
    "The room of The Earth, the Temple's guardian.": "Phong cua Eath, ke canh giu den tho",
    "The room of Yuno, the mother of the great outdoors.": "Phong Do Sat",
    "The room of Jupiter, the god of lightning and the skies.": "Phong cua Jupiter, chua te cua anh sang va bau troi",
    "Mirror Dimension Tent": "Cong dich chuyen ",
    "Survivors of the lost soldiers are gathered here.": "Noi cac nguoi linh mat tich tap trung",
    "Mirrored Garden of Gods": "Khu vuon cua chua",
    "A dark and damp garden where only despair remains.": "Khu vuon toi tam va am uot, noi chi co su tuyet vong bao phu.",
    "Monster Level 111-113": "Quai vat cap do 111-113",
    "Mirrored Forest of Dusk": "Khu rung tam toi",
    "A forest of darkness where the light has disappeared and only a curse remains.": "Khu rung quanh nam suot thang khong co anh sang, chi co 1 loi nguyen",
    "Monster Level 114-115": "Quai vat cap do 114-115",
    "Mirrored Desperado Hill": "Doi tuyet vong",
    "A playground of cruel devils.": "Khu vuc co nhung con quy doc ac.",
    "Mirrored Forest of Sorrow": "Khu rung dau don",
    "A forest of terror filled with the cries of zealots who have been used as an experiment.": "Mot khu rung bao phu boi nhung con Zealot",
    "Monster Level 116-120": "Quai vat cap do 116-120",
    "Mirrored Shore of Dawn": "Bo bien binh minh",
    "A sea of terror filled with darkness and the sound of cold waves.": "Bai bien ngap tran bong toi va tieng vong cua nhung con song lanh leo.",
    "GM's room": "Khu vuc cua GM",
    "Rest area where GMs stay in.": "Day la khu vuc cua GM",
    "A place where prisoners who committed a crime are jailed.": "Noi ma nhung nguoi pham toi bi giam giu",
    "A hideout where Thief Boss Kalia is hiding herself": "0"
}